First Name,Last Name,Email,CCType,CCNum,CCExp,CCCVC
Edith,Wilson,e.wilson@example.com,VISA,4539890752567301,3/2025,365
Ada,Johnson,a.johnson@example.com,VISA,4532172980173732,1/2028,459
Wilson,Morgan,w.morgan@example.com,VISA,4716941863272300,12/2023,355
Kirsten,Fowler,k.fowler@example.com,VISA,4916353664756747,2/2023,296
Fenton,Wilson,f.wilson@example.com,VISA,4716386635778061,12/2028,872
Sophia,Thompson,s.thompson@example.com,VISA,4556225453629043,8/2026,537
Naomi,Thomas,n.thomas@example.com,VISA,4929752194269029,7/2030,128
Julian,Myers,j.myers@example.com,VISA,4916431464333055,7/2030,210
Darcy,Ryan,d.ryan@example.com,VISA,4606961388974050,5/2025,688
Vivian,Davis,v.davis@example.com,VISA,4485788755261753,3/2027,105
Carina,Hill,c.hill@example.com,VISA,4929542563253633,8/2030,904
Cherry,Douglas,c.douglas@example.com,VISA,4532332561856275,1/2024,574
Owen,Mason,o.mason@example.com,VISA,4716870542832368,6/2028,897
Charlie,Perry,c.perry@example.com,VISA,4516913985425688,5/2024,226
Jared,Evans,j.evans@example.com,VISA,4556016671968283,2/2028,899
Aida,Howard,a.howard@example.com,VISA,4716724227882265,3/2029,497
Ted,Barrett,t.barrett@example.com,VISA,4838569943217079,11/2026,545
Marcus,Alexander,m.alexander@example.com,VISA,4539183836178000,7/2026,285
Myra,Craig,m.craig@example.com,VISA,4024007191217669,5/2029,187
Ashton,Spencer,a.spencer@example.com,VISA,4929531222149548,5/2024,721
Melissa,Thompson,m.thompson@example.com,VISA,4929942285379544,5/2025,836
Oliver,Fowler,o.fowler@example.com,VISA,4716070646475970,2/2025,818
Tess,Morris,t.morris@example.com,VISA,4024007121796477,5/2024,335
Savana,Dixon,s.dixon@example.com,VISA,4532114088220650,11/2029,267
Sophia,Brown,s.brown@example.com,VISA,4485018205871021,5/2030,372
Alexia,Morrison,a.morrison@example.com,VISA,4556246412318486,8/2028,594
Marcus,Kelley,m.kelley@example.com,VISA,4254794742658779,11/2025,873
Chloe,Davis,c.davis@example.com,VISA,4024007170522493,12/2024,129
Clark,Barrett,c.barrett@example.com,VISA,4716424944982106,1/2029,640
Frederick,Cooper,f.cooper@example.com,VISA,4024007140600130,11/2029,654
Aston,Ferguson,a.ferguson@example.com,VISA,4491298645440478,7/2027,883
Alissa,Richardson,a.richardson@example.com,VISA,4929300508636283,5/2026,422
Alan,Myers,a.myers@example.com,VISA,4929717364506252,3/2025,192
Ned,Spencer,n.spencer@example.com,VISA,4556862738503641,3/2024,599
Justin,Mitchell,j.mitchell@example.com,VISA,4024007152690839,10/2026,310
Arianna,Stewart,a.stewart@example.com,VISA,4024007176410909,6/2024,553
Stuart,Warren,s.warren@example.com,VISA,4024007132011569,5/2025,196
George,Howard,g.howard@example.com,VISA,4539163538961895,9/2025,914
Alford,Murphy,a.murphy@example.com,VISA,4024007180328543,5/2025,984
Carl,Reed,c.reed@example.com,VISA,4929522286660041,8/2028,219
Spike,Craig,s.craig@example.com,VISA,4539674569847670,6/2025,385
Olivia,Riley,o.riley@example.com,VISA,4077161317286367,7/2024,498
Haris,Brown,h.brown@example.com,VISA,4024007129319652,10/2026,957
Kate,Campbell,k.campbell@example.com,VISA,4556004026719692,9/2027,809
Alina,Evans,a.evans@example.com,VISA,4442006323391073,4/2025,891
Oscar,Ferguson,o.ferguson@example.com,VISA,4556597531655491,10/2024,627
Sienna,Carroll,s.carroll@example.com,VISA,4936809165280558,4/2027,424
Lucas,Andrews,l.andrews@example.com,VISA,4532230210490928,12/2029,124
Gianna,Hunt,g.hunt@example.com,VISA,4556755329240575,1/2024,291
Vanessa,Jones,v.jones@example.com,VISA,4532467583516448,1/2026,656
Aston,Lloyd,a.lloyd@example.com,VISA,4916865632831955,1/2027,502
Amanda,Howard,a.howard@example.com,VISA,4539957825360293,5/2028,903
Miranda,Brooks,m.brooks@example.com,VISA,4556999220046935,4/2025,649
Arthur,Gibson,a.gibson@example.com,VISA,4765533636497957,8/2029,449
Freddie,Armstrong,f.armstrong@example.com,VISA,4024007157812917,1/2027,772
Sydney,Riley,s.riley@example.com,VISA,4916144164149016,5/2028,872
Carlos,Cunningham,c.cunningham@example.com,VISA,4485517077195344,6/2030,568
Carl,Robinson,c.robinson@example.com,VISA,4929105166703261,8/2029,787
Tony,Clark,t.clark@example.com,VISA,4532354092371160,4/2024,343
Abraham,Mason,a.mason@example.com,VISA,4716126844969238,9/2023,468
Dexter,Bennett,d.bennett@example.com,VISA,4716531343882883,10/2028,585
Caroline,Myers,c.myers@example.com,VISA,4556146866806715,8/2029,758
Roman,Warren,r.warren@example.com,VISA,4014995763188155,2/2028,669
James,Andrews,j.andrews@example.com,VISA,4916882506433164,10/2028,602
Samantha,Wells,s.wells@example.com,VISA,4539848479391488,4/2026,378
Emma,Bennett,e.bennett@example.com,VISA,4532076640360342,4/2030,805
Kelsey,Smith,k.smith@example.com,VISA,4539323552671669,2/2025,116
Jessica,Bennett,j.bennett@example.com,VISA,4024007195136592,8/2026,741
Oscar,Parker,o.parker@example.com,VISA,4745961550242940,3/2029,917
Kellan,Parker,k.parker@example.com,VISA,4539540240483633,7/2026,929
Adele,Cole,a.cole@example.com,VISA,4046238628638599,9/2027,694
Alford,Crawford,a.crawford@example.com,VISA,4024007198366519,10/2026,101
Amber,Gray,a.gray@example.com,VISA,4354906927051492,6/2025,568
Kate,Hill,k.hill@example.com,VISA,4539225559795641,11/2024,432
Sophia,Murray,s.murray@example.com,VISA,4024007142356426,1/2026,495
Richard,Spencer,r.spencer@example.com,VISA,4929029911219342,4/2025,345
Tony,Kelly,t.kelly@example.com,VISA,4716357766233556,11/2028,473
Frederick,Kelly,f.kelly@example.com,VISA,4929023163916366,11/2026,242
Oscar,Robinson,o.robinson@example.com,VISA,4916938269847832,6/2029,285
Vincent,Gray,v.gray@example.com,VISA,4485222370012888,12/2030,109
Kelsey,Kelly,k.kelly@example.com,VISA,4892794759801690,2/2024,691
Amy,Casey,a.casey@example.com,VISA,4716077956698935,11/2029,619
Rubie,Crawford,r.crawford@example.com,VISA,4803464012205000,5/2024,567
Preston,Fowler,p.fowler@example.com,VISA,4532078163492742,3/2030,103
Blake,Morris,b.morris@example.com,VISA,4485241086500564,7/2028,865
Dale,Russell,d.russell@example.com,VISA,4159515163162652,10/2023,868
Samantha,Johnston,s.johnston@example.com,VISA,4532931415544159,2/2026,752
Arnold,Andrews,a.andrews@example.com,VISA,4929821977613826,12/2026,817
James,Hall,j.hall@example.com,VISA,4226139718839190,1/2025,135
Maximilian,Cunningham,m.cunningham@example.com,VISA,4024007173923987,7/2024,713
Grace,Richards,g.richards@example.com,VISA,4532693736155343,7/2027,620
Deanna,Taylor,d.taylor@example.com,VISA,4916928795056362,12/2030,864
Garry,Cunningham,g.cunningham@example.com,VISA,4556301662947094,10/2027,529
Nicholas,Carroll,n.carroll@example.com,VISA,4916251491560508,9/2029,399
Kevin,Riley,k.riley@example.com,VISA,4556322077938080,9/2030,635
Adrianna,Montgomery,a.montgomery@example.com,VISA,4929710048020022,4/2024,289
Amy,Davis,a.davis@example.com,VISA,4024007174887231,3/2024,555
Melissa,Myers,m.myers@example.com,VISA,4929700969205306,7/2025,698
Arnold,Grant,a.grant@example.com,VISA,4929411100741353,9/2029,515
Carina,Barrett,c.barrett@example.com,VISA,4485171013129379,1/2029,280